مراجع	References	Referencias	Notes et références	脚注	Примечания
انظر أيضاً	See also	Véase también	Biographie	関連項目	Биография
المراجع	History	Historia	Histoire	概要	История
وصلات خارجية	Notes	Demografía	Géographie	参考文献	См. также
انظر أيضا	Career	Biografía	Références	歴史	Литература
الموقع الجغرافي	Biography	Bibliografía	Voir aussi	経歴	Население
أنظر أيضاً	Track listing	Geografía	Liens externes	沿革	География
انظر أيضًا	Cast	Distribución geográfica	Bibliographie	来歴	Награды
التاريخ	Early life	Descripción	Palmarès	出典	Ссылки
طالع أيضا	Personal life	Palmarés	Description	地理	Сюжет
مصادر	Geography	Notas	Historique	略歴	Описание
المصادر	Further reading	Enlaces externos	Distribution	人物	Экономика
أحداث	Plot	Clubes	Démographie	交通	Достижения
التعليم	Background	Taxonomía	Synopsis	収録曲	Достопримечательности
مواليد	External links	Trayectoria	Fiche technique	著書	Карьера
روابط خارجية	Reception	Discografía	Filmographie	スタッフ	В ролях
وفاته	Description	Filmografía	Carrière	出演	Данные водного реестра
أنظر أيضا	Bibliography	Carrera	Économie	生涯	Географическое положение
المسيرة الاحترافية	Discography	Lista de canciones	Publication originale	あらすじ	Семья
حياته	Demographics	Argumento	Articles connexes	その他	Демография
وفيات	Personnel	Características	Politique et administration	解説	Память
السكان	Awards	Morfología	Sources	登場人物	Фильмография
الميداليات	Education	Hábitat	Toponymie	キャスト	Интересные факты
القصة	Filmography	Obras	Œuvres	ストーリー	Источники
تاريخ	Results	Reparto	Discographie	来歴・人物	Транспорт
مؤلفاته	Life	Premios	Répartition	特徴	Список композиций
أعماله	Honours	Sinopsis	Administration	施設	Библиография
جوائز	Works	Especies	Étymologie	駅構造	Творчество
إحصائيات	Production	Palmarés internacional	Statistiques	隣の駅	Личная жизнь
الأعمال	Gallery	Economía	Notes	アクセス	Галерея
طالع أيضاً	Sources	Selección nacional	Distinctions	駅周辺	Дискография
اقرأ أيضا	Overview	Obra	Lieux et monuments	外部リンク	Местный совет
ملاحظات	Charts	Notas y referencias	Publications	作品	Состав сельского поселения
الموئل والانتشار	Death	Distribución y hábitat	Personnalités liées à la commune	周辺	Распространение
الديموغرافيا	Distribution	Resultados	Galerie	出演作品	Статистика
اقرأ أيضاً	Early life and education	Clasificación	Compléments	エピソード	Состав
الموقع	Club career	Antecedentes	Événements	詳細情報	Клубная карьера
سجل المنافسة	Legacy	Recepción	Localisation	所在地	Инфраструктура
التسمية	Publications	Distribución	Culture locale et patrimoine	メンバー	Происхождение названия
الجوائز	Family	Galería	Résultats	利用状況	Сочинения
السيرة الذاتية	Career statistics	Producción	Culture	所属クラブ	Критика
المباريات	Population	Personajes	Présentation	個人成績	Известные люди
الإنجازات	Species	Estadísticas	Résumé	出演者	Применение
الوصف النباتي	International career	Premios y nominaciones	Composition	タイトル	Политическая ситуация
فرق لعب لها	Events	Carrera deportiva	Caractéristiques	交通アクセス	Результаты
العلاج	Professional career	Designación y nombre	Population et société	脚注・出典	Образование
معرض الصور	Footnotes	Vida personal	Naissances	ディスコグラフィー	История создания
المدن التوأمة	Economy	Toponimia	Lien externe	注釈	Административное деление
الوصف	Schedule	Evolución demográfica	Récompenses	受賞歴	Экология
الميزانية والإيرادات	Critical reception	Composición	Annexes	著作	Научная деятельность
سيرته	Notable people	Población	Liste des titres	ギャラリー	Награды и звания
أعمالها	Location	Personal	Œuvre	行政	Участники записи
الجغرافيا	Etymology	Honores	Liste des espèces	ディスコグラフィ	Классификация
مقالات ذات صلة	Playing career	Ubicación	Architecture	備考	Фотогалерея
نشأته	Synopsis	Etimología	Source	参考資料	Получение
النتائج	Political career	Características orbitales	Décès	教育	Населённые пункты
النهائيات	Release	Algunas publicaciones	Contexte	放送時間	Награды и премии
التوزيع	Early years	Primeros años	Autour du film	内容	Награды и номинации
التصنيف	Life and career	Trayectoria deportiva	Production	評価	Климат
مناصب وهيئات	Chart performance	Publicaciones	Patronyme	参照	Название
الشخصيات	Music	Fuentes	Jumelages	経済	Физические свойства
قصة الفيلم	Aftermath	Jugadores	Liens internes	分布	Известные уроженцы
كتب	Awards and nominations	Elenco	Population	概説	Россия
طاقم التمثيل	Politics	Cultura	Système de jeu	主な戦績	Об альбоме
الأسباب	Soundtrack	Desarrollo	Situation	できごと	Съёмочная группа
الاستخدامات	Development	Miembros	Compétition	主題歌	События
بطولة	People	Educación	Personnalités	獲得タイトル	Химические свойства
الخصائص	Transportation	Curiosidades	Accueil	作品リスト	Публикации
الاقتصاد	Music video	Características físicas	Théâtre	背景	Ботаническое описание
حياتها	In popular culture	Clima	Organisation	プロフィール	Предыстория
الحياة الشخصية	Books	Créditos	Pour approfondir	代表歴	Общие сведения
إحصائيات المسيرة	Episodes	Equipos participantes	Situation ferroviaire	著名な出身者	Расположение
أمثلة	Selected filmography	Vida	Article connexe	形態	Объекты социальной сферы
التشخيص	Births	Localización	Épisodes	書籍	Улицы
نظرة عامة	Transport	Equipos	Membres	分類	Труды
المناخ	Deaths	Usos	Bilan de la saison	姉妹都市	Администрация
مرادفات للاسم العلمي	Gameplay	Fiestas	Fêtes, foires	生態	Деятельность
النشأة	Members	Reconocimientos	Personnages	戦績	Города-побратимы
عن حياته	Notable alumni	Transporte	Origine du nom	主な作品	Участники
الخواص	Release history	Administración	Toponyme	主な出演作品	Адрес местного совета
مواضيع ذات صلة	Plot summary	Servicios	Galerie de photos	組織	Религия
الترتيب	Statistics	Estado de conservación	Utilisation	部活動	Систематика
عن حياتها	Places	Trama	Filmographie partielle	通学区域	Медалисты
الفرق	Achievements	Origen	Vie privée	小・中学校の学区	Турнирная таблица
أصل التسمية	Characters	Discusión	Titres	構造	Источник
خلفية	Draw	Reproducción	Famille	艦歴	Администрация коммуны
التحضير	Structure	Consecuencias	Origine	家族	Культура
نسبه	Awards and honors	Lugares de interés	Héraldique	出典・脚注	Комментарии
صور	Climate	Turismo	Clubs	関連書籍	Избранная фильмография
الأنواع	Seeds	Acontecimientos	Service des voyageurs	通過する自治体	Конструкция
مناصب	Architecture	Patrimonio	Postérité	収録アルバム	Международная карьера
مسيرته	Design	Música	Référence	人口動態	Этимология
فريق العمل	Notes and references	Televisión	Ouvrages	隣	Книги
أنظر أيضًا	College career	Estructura	Parcours	受賞	Родились
الممثلون	Medalists	Observaciones	Politique	構成	Происхождение
سجل النتائج	Regular season	Muerte	Evénement commémoratif	文化財	Чарты
الأعراض	Taxonomy	Medallero	Economie	世帯数と人口	Ранние годы
معلومات تاريخية	Teams	Alimentación	Liste d'espèces	書誌情報	Признание
انظر ايضا	Facilities	Teatro	Décorations	系譜	Структура
معرض صور	Sports	Galería de imágenes	Musique	参加ミュージシャン	Персонажи
الاكتشاف	Roster	Política	Habitat	論文	Скончались
البيئة والانتشار	Features	Deportes	Classement	路線状況	Производство
آثاره	Personal	Géneros	Carrière de joueur	用語	Персоналии
الإنتاج	Route description	Legado	Activités	映画	Общая информация
أنظر ايضا	Athletics	Estadio	Divers	註	Виды
كتابات أخرى	Work	Premios y reconocimientos	Biologie	誕生	Ареал
الخلفية	Election results	Especies aceptadas	Résultats en simple	名称	Спортивная карьера
جدول الميداليات	Singles	Familia	Analyse	栄典	Таксономия
نبذة تاريخية	Culture	Variantes	Résultats en double	人物・来歴	Факты
قصة المسلسل	Other uses	Versiones	Transports	地域	Произведения
تاريخها	Records	Organización	Situation et accès	関連文献	Современное состояние
حياته الشخصية	Literature	Especies seleccionadas	Publication	出身者	В культуре
لمحة تاريخية	Later life	Comentarios	Patrimoine	関連商品	Топоним
نبذة	Variants	Arquitectura	Références taxinomiques	関連作品	Фотографии
مصادر وروابط خارجية	Early career	Véase	Éditions	関連人物	Архитектура
الثقافة	Name	Propiedades	Cinéma	参考	Статистика выступлений
أجناس	Media	Libros	Commentaires	血統表	Последствия
التأسيس	Selected works	Uniforme	Hommages	接続する道路	Белоруссия
طاقم العمل	Early life and career	Contenido	Tourisme	他の紀年法	Отзывы
مقدمة	Distribution and habitat	Monumentos	Dénomination	行政区画	Населённые пункты совета
تعريف	Honors	Video musical	Classements	出演番組	Карьера в сборной
مواقع خارجية	Administration	Orígenes	Prix	人口	Фамилия
تلاميذه	Controversy	Autoridades	Expositions	注	Описание герба
جغرافيا	Services	Comportamiento	Formation	関連会社	Спортивные достижения
وصلات داخلية	Composition	Localidades	Conséquences	事業所	Содержание
دراسته	Government	Historial	Faits marquants	車両	Символика
التقسيم الإداري	Winners	Episodios	Urbanisme	観光	Обоснование символики
إنجازاته	Coaching career	Vida privada	Musiciens	関連事項	Известные игроки
المصدر	Incumbents	Subespecies	Récompenses et distinctions	単行本	Размножение
الترتيب النهائي	Origins	Recorrido	Records	性質	Образ жизни
دواوير الجماعة	Operational history	Medallistas	Déroulement	定義	Свойства
التصميم	Examples	Ciudades hermanadas	Développement	翻訳	Спорт
الرياضة	Major intersections	Entrenadores	Réception	略歴・人物	Финал
التصنيف العام النهائي	Format	Campeones	Taxinomie	経緯	Использование
ردود الفعل	Research	Colecciones	Liste des genres	登場キャラクター	Карты
وفاتها	Academics	Ancestros	Prix et distinctions	得意技	Характеристики
الوفاة	Applications	Posicionamiento en listas	Liste	祭神	Украина
وصلة خارجية	Summary	Lugares	Culture et patrimoine	タイアップ	Транспортная сеть
السياحة	Selected publications	Canciones	Classification	設置学科	Командиры
شيوخه	Publication history	Nacimientos	Tableau des médailles	登場作品	Работы
طوبوغرافيا	Ecology	Servicios ferroviarios	Classement final	バス路線	Биология
البناء	Final	Carrera profesional	Origines	結果	Игровой процесс
القائمة	Construction	[[Nombre común]]	Définition	ネット局	Топографические карты
السيرة	Uses	Personas	Anecdotes	脚註	Клубы-участники
انظر ايضاً	Other	Fallecimiento	Jumelage	文化	Ликвидированные населённые пункты совета
الحلقات	Television	Símbolos	Récompenses et nominations	年表	Музыка
حياته المهنية	Schools	Festividades	Bâtiments remarquables et lieux de mémoire	コーナー	Примеры
أسرته	Function	Actualidad	Structure	概略	Смерть
المواصفات	Players	Carrera política	Classements mondiaux	道路	Призёры
التطبيقات	Criticism	Títulos	Généralités	音楽	Саундтрек
من مؤلفاته	Religion	Aplicaciones	Exemples	政治	Спортивные результаты
أدواره في الأنمي	Lines	Datos biográficos	Liste des pistes	名所・旧跡・観光スポット・祭事・催事	Физико-географическая характеристика
أعياد ومناسبات	Subspecies	Diseño	Autres	利用	Внешний вид
نشأتها	Classification	Estilo	Toponymes	用途	Результаты матчей
المستخدمون	Products	Formación	Travaux	生い立ち	Местное самоуправление
تعليمه	Characteristics	Formato	Conception	運用	Соседние гмины
تاريخه	Certifications	Inicios	Littérature	種類	Биологическое описание
من القطب إلى القطب	Activities	Críticas	Distinction	試合結果	Ординарии епархии
سبب التسمية	Ancestry	Integrantes	Télévision	地名	Позиции в чартах
مصدر	Notable residents	Cine	Représentation	経歴・人物	Бомбардиры
الخدمة العسكرية	Content	Ecología	Synonymes	逸話	Притоки
العلامات والأعراض	Champions	Geografía física	Habitat et répartition	駅一覧	Издания
مسيرته الكروية	Specifications	Listado de canciones	Les clubs participants	テレビドラマ	Основные работы
التعريف	Station layout	Ejemplos	Répartition et habitat	歴代所属選手	Особенности
عمله	Design and development	Gastronomía	Fonctionnement	主な成績	Технические характеристики
صور إضافية	Playoffs	Literatura	Chronologie	親族	Административное устройство
مولده ونشأته	Sport	Goleadores	Participants	都市と町	Распространение и экология
جوائز وترشيحات	Credits	Sencillos	Hydrologie	人物・エピソード	См.также
الأهداف	Organization	Contexto	Contenu	私生活	Модификации
الوظيفة	Recognition	Situación	Jeunesse	産業	Характеристика
شاهد أيضا	Operations	Músicos	Écologie et distribution	画像	Азия
المؤهلات العلمية	Governance	Introducción	Éducation	記録	Плей-офф
الجوائز والترشيحات	Chart positions	Banda sonora	Publications originales	成績	Служба
روابط إضافية	Current squad	Final	Carrière politique	フィルモグラフィ	Научные труды
مصادر ومراجع	Standings	Tratamiento	Accès	DVD	Подчинение
فيلموغرافيا	Adjacent stations	Lista de especies	Critiques	年譜	Другое
المعركة	Trivia	Referencia	Sport	主な登場人物	Общественная деятельность
ولادته ونشأته	Military career	Clasificación final	Adaptations	人間との関係	Руководство
الأعضاء	Recordings	Datos del club	Diffusion	キャラクター	Создание
النمو الديموغرافي	Demography	En la cultura popular	Palmarès sur route	出身有名人	Африка
أدواره في ألعاب الفيديو	Origin	Medallero internacional	Alimentation	子女	Жизнь и творчество
هوامش	Habitat	Lanzamiento	Description et caractéristiques	歴代監督	Признание и награды
النسب	Citations	Definición	Honneurs	活動	Итоги
الأحداث	Service	Fauna	Climat	文献	Профессиональная карьера
البداية	Contents	Flota	Trophées et honneurs personnels	製作	Топонимы
الانتشار	Service history	Participantes	Résultats sur les grands tours	開発	Рекорды
من أعماله	Communities	Fase final	Filmographie sélective	境内	Примечательные здания и сооружения
شعره	Exhibitions	Listas	Principe	影響	Известные носители
حياتها الشخصية	Definition	Tabla de posiciones	Source de la traduction	過去の成績	Политика
الحياة المبكرة	Band members	Personajes ilustres	Enseignement	選手としての特徴	Питание
المؤلفات	Competitions	Comunicaciones	Calendrier	例	Здания и сооружения
الآثار الجانبية	Tourism	Matrimonio y descendencia	Citations	設計	Разработка
الاستخدام	Published works	Transportes	Liste des sous-espèces	パーソナリティ	Власть
الوقاية	Programs	Especificaciones	Répartition géographique	基礎データ	Геймплей
البطولة	Key	Deporte	Systématique	スポーツ	Тренерская карьера
النهائي	Offseason	Situación ferroviaria	Affluents	学区	Синглы
الهوامش	Head coaching record	Nombre	Prix et récompenses	人口統計	Сателлитные кратеры
التطوير	Albums	Funciones	Légende	気候	Описание кратера
أماكن	Medal table	Estreno	Personnel	引用	Определение
مصادر خارجية	Controversies	Estudios	Albums	店舗	Значение
أدوارها في الأنمي	Awards and recognition	Objetivos	Utilisations	放送局	Казахстан
التفاصيل	Awards and honours	División administrativa	Variantes	学校行事	Современность
شاهد أيضاً	Description and history	Construcción	Applications	官歴	Титулы
ريادة الفضاء	Accolades	Imágenes	Compétences	放送リスト	Основные труды
العمارة	Commercial performance	Lista de temas	Propriétés	施設概要	Муниципально-территориальное устройство
المصادر والمراجع	Programming	Campeonatos y logros	Sous-espèces	システム	Прочее
السياسة	Geology	Conservación	Activité et manifestations	路線データ	Туризм
بطولات حققها	Mission	Actividades	A	その後	Выставки
حياته المبكرة	Fleet	Campeón	Éléments biographiques	過去の担当番組	Игровая карьера
أشخاص	Death and legacy	Aerolíneas y destinos	Évènements	イベント	Текущий состав
مرحلة خروج المغلوب	Transfers	Distinciones	S	管轄区域	Экранизации
خلفية تاريخية	Conservation	Vídeo musical	M	一覧	Соревнования
أعمال بارزة	Biology	Ediciones	Effectif	由来	Победители
البطولات	Track listings	Gobierno	B	表彰	Брак и дети
التركيب	Life and work	Jugadores destacados	Collections	番組概要	Список
الألبومات	Later years	Fallecimientos	Sports	路線	Взаимодействие с человеком
التركيبة السكانية	List	Religión	Dans la culture populaire	教育目標	Известные жители
أصل الكلمة	S	Jugabilidad	Univers	競技結果	Тактико-технические характеристики
الاستقبال	Film	Resumen	C	業績	Избранная библиография
مقتله	Treatment	Crítica	Généalogie	放送日程	Предприятия
الخط الزمني للفردي	Campus	Controversias	Liste des chansons	代表作	Собственники и руководство
إحصاء عام	M	Mantenimiento	Bilan	ミュージックビデオ	История службы
اقرأ أيضًا	B	Charts	Voix françaises	テレビアニメ	Результаты соревнований
كتبه	Club statistics	Temporadas	P	周辺施設	Продукция
خصائص	Medal summary	Diagnóstico	Crédits	指導歴	Сельские округа
مرحلة المجموعات	A	Etapas	Reproduction	メディア	Технические данные
العمل	Operators	Accesos	Monuments	カバー	Коммуны кантона
الحياة المهنية	Diagnosis	Infraestructura	Patronymes	過去の出演番組	Медальный зачёт
الخلفية التاريخية	Types	Resultados electorales	Réalisations	各話リスト	Итоговая таблица
الزراعة	Airlines and destinations	Cronología	T	競走成績	Квалификация
الممثلين	Reviews	Tipos	Vie personnelle	テレビ出演	Команды
الإحصائيات	C	Posiciones	Protection	共編著	Научные работы
سباقات شارك فيها	D	Fuente	G	主なコーナー	Награды и признание
آلية العمل	P	Premios y distinciones	R	接続道路	Наследие
أنواع	R	Últimos años	Taxonomie	路線概要	В искусстве
المساحة	G	Funcionamiento	L	作風	Лечение
أدوارها في ألعاب الفيديو	Racing career	Posición en listas	F	対外関係	Строительство
الأسطول	Route	Instalaciones	Missions	サブタイトル	Состав городского поселения
مثال	World War II	Cráteres satélite	Hommage	仕様	Памятники
أدواره في الدبلجة اليابانية	T	Operadores	D	事業内容	Промышленность
التصفيات	Infrastructure	Otras versiones	Genèse	料金所	Оценки
مزيد من القراءة	Championships and accomplishments	Sistema de competición	Palmarès sur piste	日本語訳	Обзор
التشكيلة	L	Promoción	Écologie	プレースタイル	Реакция
الاسم	H	Límites	Prénom	参加作品	Примечание
الإدارة	Leadership	Controversia	Versions	チャート成績	Цитаты
النقل	Honors and awards	Medios de comunicación	E	特色	Выступления на турнирах
مرحلة الشباب	League table	Sistemática	Construction	CM	Создатели
أفلامه	Football career	Trayectoria profesional	N	舞台	Посев
سباقات أو مراحل فاز بها	Films	Condecoraciones	Contexte historique	選挙結果	Социальная сфера
أعمال	Elections	Carrera musical	Localités	作品一覧	В литературе
من أقواله	Timeline	Destinos	Doublage	運行形態	Карьера игрока
الفائزون	N	La batalla	Transport	同型艦	Съёмки
الألقاب	F	Certificaciones	Phase finale	経済と社会資本	Известные уроженцы и жители
الدور التمهيدي	Music videos	Bibliografía adicional	Résultats électoraux	著名な卒業生	История группы
مكتبة الصور	K	Análisis	H	主な著書	Административно-территориальное деление
المراحل	Properties	En lucha	Armoiries	現在の担当番組	Семья и дети
ولادته	Members of Parliament	Referencias culturales	Comportement	スペック	Военная служба
بداياته	Places of interest	Flora	Création et différentes dénominations	会社概要	Эпизоды
طالع أيضًا	Player statistics	Personajes destacados	Réception critique	機能	Ранняя жизнь
الأسرة	E	Trabajos	Détail des fonctions et des mandats	ゲーム内容	Природа
أعضاء الحكومة	In other media	Cultivo	Municipalités limitrophes	死去	Подвиды
فصائل	Education and career	Otros datos	Tracé	ゲーム	Географические данные
في الرياضيات	Adaptations	Ver también	Sources et bibliographie	球歴	Репертуар
أبرز اللاعبين	Attractions	Descendencia	Caractéristiques techniques	漫画	Рейтинг на конец года
الخدمات	Landmarks	Exposiciones	O	姉妹都市・提携都市	Премии
علم الأوبئة	Layout	Programación	I	周辺情報	Таблица
مواضيع متعلقة	Style	Adaptaciones	Liste des épisodes	人名	Функции
النتائج النهائية	J	Primera fase	J	製品	Здравоохранение
مؤلفات	Popular culture	Eponimia	Style	フィルモグラフィー	Америка
حياته العملية	Course	Reseña biográfica	Finale	泉質	Флот
المهام	Writings	Municipios	Récompense	ゲームシステム	Синонимы
الملاحظات	Squad	Homenajes	Fonctions	派生型	Причины
البطل	Interactions	Calendario	Ascendance	学生生活	Фильмы
وصفه	Technology	Bibliografía utilizada	Exploitation	概観	Флора и фауна
مولده	Later career	Personalidades	Saison régulière	語源	Результаты выступлений
انتقادات	Usage	Flora y fauna	V	家族・親族	Избранные труды
ملخص القصة	O	Uso	Événement commémoratif	主な施設	Предпосылки
الأفلام	Themes	Cabezas de serie	Singles	補足	Описание конструкции
تطبيقات	Fictional character biography	Películas	Création	キャリア	Список серий
المكونات	Membership	Geología	Lien interne	教育および研究	Полуфиналы
الحبكة	Today	Distinciones honoríficas	Argument	主な出演	Публикации на русском языке
الدراسة	W	Vida y obra	Objectifs	文化と見所	Жизнь и карьера
عائلته	Battle	Grabación	Bande originale	人物・経歴	Политическая деятельность
الآثار	Philanthropy	Obras publicadas	Note	主な出身者	Изображения
الملاعب	Story	Generalidades	Classement général	大学関係者と組織	Общая характеристика
قصة	First round	Usuarios	Anecdote	行事	Дети
حياته السياسية	Premise	Hermanamientos	Représentations informatiques	CD	Биография и творчество
قائمة الأغاني	Music career	Influencia	Galerie d'images	系図	Звания и награды
المميزات	Player stats	Información general	Podiums	交通機関	Устройство
الصور	Coat of arms	Hábitat y distribución	Iconographie	診療科	Избранные произведения
التقسيمات الإدارية	Charts and certifications	Grabaciones	Mandats	バリエーション	Медали
الروابط الخارجية	I	Causas	Infrastructures	自己ベスト	Жизнеописание
قيل عنه في [[علم الرجال|الجرح والتعديل]]	Villages	Vida temprana	Géologie	重複区間	Групповой этап
النتيجة	Early history	Etiología	Effectif actuel	編成	Общий медальный зачёт
مؤلفاتها	Credits and personnel	Vida y carrera	K	批評	Краткая биография
الممثلون والشخصيات	V	Temas	Commentaire	ゲスト	Фото
روى له	Notable players	Ciudades y pueblos	Situation géographique	休館日	Роли озвучивали
الإصدارات	Finals	Información	États de service	史跡	Биография и карьера
الهدافون	Cultural references	Hidrografía	Équipes participantes	日本	Известные жители и уроженцы
المنافسة	International relations	Sedes	Subdivisions	治療	Видео
الكليات	Buildings	Investigación	Culture populaire	校歌	Влияние
الدين	Introduction	Filogenia	Lauréats	担当番組	Литературная деятельность
البرامج	Selected bibliography	Publicación	Statistiques en équipe nationale	経過	Художественные особенности
متفرقات	Stadium	Ganadores	Commandement	政策	Расписание
الجرعة	Cover versions	Datos	Descendance	起源	Гидрография
المناصب	Academic career	Eventos	Traitement	研究	Подвижной состав
النقد	Rankings	Productos	Religion	路線バス	Звания
حول العالم	Causes	Descubrimiento	Carrière internationale	収録内容	В массовой культуре
تكريمه	Retirement	Créditos y personal	Livres	選手・スタッフ	Хозяйственное значение и применение
سيرة	Live performances	Conexiones	Écrits	接続路線	Разное
تشكيلة الفريق	Titles	Trayectoria editorial	Morphologie	現在の出演番組	Театральные работы
إنجازات	Operation	Origen del nombre	La bataille	由緒	Известные выпускники
ديسكوغرافيا	Recording	Trivia	Médaillés	主な著作	Отзывы критиков
المسيرة المهنية	Other versions	Diseño y desarrollo	Carrière en club	沿線	Релиз
المهنة	Surrounding area	Presidentes	U	設備	Состав группы
مناصبه	Impact	Clasificaciones	Reprises	学科	Населенные пункты
المواصلات	Schedule and results	Sitios de interés	Citation	ルール	История строительства
صفاته	Cultivation	Contexto histórico	Évolution démographique	テーマ曲	Соревнование
المعالم	Songs	Formación y yacimientos	Personnages principaux	郡域	Дополнительные факты
سيرته الذاتية	Major results	Monumentos y lugares de interés	Primes et points	不祥事	Возможности
قالوا عنه	Promotion	Participación en Competiciones de la CAF	Sources et références	大会概要	Действующие лица
جدول الترتيب	Final standings	Letra	Controverses	アルバム	Значение и применение
من أعمالها	Partial filmography	En otros medios	Déroulement de la course	収録作品	В математике
التنظيم	Administrative divisions	Semifinales	Personnalité	表彰選手	Матчи
أنواعه	Transactions	Resultados en las grandes vueltas	Communes	原因	Потомки
بطولات حققتها	Collections	Personajes célebres	Accueil critique	名前の由来	Маршрут
أنظر ايضاً	Clubs	Colaboraciones	Technique	書籍情報	Регламент
النشأة والتعليم	Qualification	Función	Découverte	小説	Распространение и среда обитания
المسيرة الدولية	Locations	Barrios	W	住民	Имя
الصحة	Formation	Participaciones	Faune	人物像	Достопримечательности (фотогалерея)
الأعراض والعلامات	Influence	Historial electoral	Effectifs	クレジット	Воинские звания
المحتوى	Honours and awards	Presentación previa	Personnages célèbres	交番	Итоговое положение
ملخص	Management	Semblanza	Personnalités liées à la ville	主な製品	Общественный транспорт
المعلومات الغذائية	Recreation	Poderes y habilidades	Mariage et descendance	学歴	Политическая карьера
شخصيات	Equipment	Sistema de juego	Territoire	チーム成績	Внешние ссылки
في الثقافة الشعبية	United States	Características químicas	Adaptation	タイムテーブル	Персональные выставки
مسيرته الدولية	Crew	Salud	Députés	目的	Ход турнира
المضاعفات	Writing	Reacciones	Programmes	校区	Экипаж
قائمة المصادر	Release and reception	Preparación	Box-office	略歴・概要	Переводы
الأغاني	Electoral history	Epidemiología	Carrière professionnelle	楽器編成	Командиры полка
حول الرواية	U	Historial de lanzamientos	Texte	分布と生育環境	Поведение
العائلة	Others	Concepto	Médias	歴代校長	Самолёт
اللغة	Details	Galardones	Étapes	問題点	Соседние станции
الفرق المشاركة	In wrestling	Equipo	Demi-finales	現所属メンバー	Первый раунд
المباراة	Bracket	Ciudades hermanas	Composition du groupe	事業	Разновидности
بداية حياته	Analysis	Política local	Études	楽曲	Противопоказания
تاريخ المدينة	Personal bests	Enlaces	Déroulement de la saison	主な実績	Катастрофа
بدايته	Series overview	Topónimo	Héritage	症状	В других областях
الإصدار	Early life and family	Sede	Identité visuelle	教育方針	Оценка проекта
سيرتها	Game summaries	Matrimonio	En France	諸元	Язык
نصف النهائي	Swimming	La estación	Règne	関連番組	Болезни и вредители
معلومات عامة	Reactions	Plantilla	Diagnostic	ラジオ	Названия
الممثلين والشخصيات	Purpose	Palmarés por países	Environnement	温泉街	Исторические сведения
قراءة إضافية	League standings	Personalidad	Concept	現在	Основные публикации
حياتها المهنية	Sights	Trayectoria política	Q	校訓	Музыкальное видео
الأصل	Winners and nominees	Clasificación y descripción	Vidéographie	出自	Недостатки
التكريم	Significance	Ejemplo	Parcours en Grand Chelem	プログラム使用曲	Видеография
اعماله	Ratings	Selección de su filmografía	Transports en commun	芸風	Варианты
طريقة اللعب	Squads	Cultura popular	Illustrations	物語	СМИ
الموسيقى	Commanders	Trasfondo	Anciens joueurs	テレビ	Пример
التكوين	Discovery	Segunda fase	Préparation	交差する道路	Представители
المراجع والروابط الخارجية	Cast and characters	Cuadro clínico	Premier tour	既刊一覧	Альбомы
مواضيع ذات علاقة	Clinical significance	Datos históricos	Clubs successifs	社会との関わり	Формат
الإرث	Powers and abilities	Influencias	Personnalités liées	駅名の由来	Хронология
الوصلات الخارجية	Appearances	Formatos	Principales publications	参考図書	Эксплуатация
النقل والمواصلات	Images	Infancia y juventud	Pole position et record du tour	関連	Спортивная биография
ألقاب	Abstracting and indexing	Detalles	Qualifications	関連情報	Реки
المجموعات	Matches	Escudo	Mobilier	戦闘	Видеоклипы
تمثيل	Facts	Fase de grupos	Équipements	学校	Боевое применение
الوجهات	Roles	Obras destacadas	Nom	記念日・年中行事	Вооружение
المسيرة الفنية	Future	Cuadro	Chefs de corps	要目	Титулы и достижения
التكاثر	Group stage	Juventud	Enfance	現状	Расследование
كليات الجامعة	Participation	Ficha técnica	Flotte	メディア出演	Документы
التضاريس	Europe	Características generales	Produits dérivés	副作用	Пересечения
الحياة العملية	Home media	Costumbres	Quarts de finale	批判	История изучения
البنية التحتية	Business	Carrera militar	Programme	チャート	Носители фамилии
قراءات أخرى	Boundaries	Componentes	Évolution	支流	Избранные публикации
الحواشي	Current listings	Apariciones	Tours en tête	データ	История открытия
تاريخ الشركة	Access	Biología	Clip vidéo	誕生日	Организация
أنظر ايضًا	Candidates	Evolución	Y	事跡	Происшествия
أفلامها	Editions	Territorio	Équipes	主なライブ	Этимология названия
سيرة ذاتية	Pedigree	Obra literaria	Dans la culture	人物・略歴	Охранный статус
المسيرة الرياضية	Genera	Fundación	Espèces	忌日	Регулярный сезон
التطور	Language	Historia operacional	Compétitions	装備	Проекты
نشأته وتعليمه	Status	Distribución geográfica y hábitat	Parcours dans les tournois du [[Grand Chelem de tennis|Grand Chelem]]	行政区分	Командование
شخصيته	High school career	Clasificaciones finales	Son œuvre	出版物	Лучшие бомбардиры
الأصول	Y	División territorial	Liste des morceaux	学校周辺	Охрана
تلامذته	Amenities	Cruces	Trame	決勝	Команды-участницы
الاستخدامات الطبية	Alumni	Participación en Competiciones de la UEFA	Causes	クラブ活動	Епископы
ملاحظات ومراجع	International	Programas	Récit de la course	作品概要	Дополнительная информация
الخط الزمني للزوجي	Use	Matrimonio e hijos	Discographie sélective	流域の自治体	Сертификации
المولد والنشأة	Canada	Nombre común	Monuments et patrimoine	日程	Диагностика
التصميم والتطوير	Text	Valoración	Exemple	予選	Видеоклип
المنتجات	Marriage	Vida política	À noter	主な接続道路	Строение
حياته الخاصة	Signs and symptoms	[[Especies]]	Pistes	改名歴	Рецензии
وصف	Organisation	Nomenclatura	Liste des participants	入場曲	Карьера тренера
دور المجموعات	Curriculum	[[sinonimia (biología)|Sinonimia]]	Programmation	写真集	Награды и достижения
تصنيف	Venues	Divisiones administrativas	Produits	主な商品	Основные произведения
راجع أيضا	Season summary	Secciones	Service	出身人物	Второй раунд
الاستعمالات	Demographic evolution	Arte	Œuvres principales	歴代優勝者	Исследования
الألعاب	Naming	Radio	Format	卒業後の進路について	История выступлений на турнирах
الغذاء	Other activities	Comienzos	Usage	監督作品	Роли в театре
البنية	Awards and records	Misión	Introduction	応用	Известные тренеры
ترجمته	Facilities and aircraft	Vida Personal	Services aux voyageurs	橋梁	Родословная
السلوك	Games	Síntesis	Utilisateurs	参照文献	Перспективы
الانتقادات	Releases	Leyenda	Distribution et habitat	統計	Премии и награды
السيرة المهنية	Projects	Citas	Collections publiques	アニメ	Безопасность
شيوخة	Points of interest	Naturaleza	DVD	人口動勢	Гонка
الملخص	Staff	Acceso	Religions	就航路線	Основные результаты
البيئة	International competitions	Singles	Manga	フィクションのできごと	Телевидение
الشهادات	Professional wrestling career	Ascensos y descensos	France	職歴	Состав поселения
إنجازاتها	Example	Atractivos turísticos	Situation sur le réseau	祭事	В действующей армии
البلدان المشاركة	Organizations	Ambiente	Aujourd'hui	戦歴	Прославление
انظر ايضًا	Critical response	Sismicidad	Liens	見どころ	Вторая мировая война
روابط	Managerial career	Doblaje	Phonologie	ライブ	Фауна
الخط الزمني للأداء	History and profile	Libros publicados	Carrière d'entraîneur	タイトル歴	Генеалогия
الهجوم	Second round	Interacciones	Galerie de photographies	番組内容	Археология
المقاطعات	Departments	Urbanismo	Enregistrements	設定	Кавер-версии
البدايات	Awards and decorations	Vías de comunicación	Critique	使用車両	Наука
روايته للحديث النبوي	Destinations	Recepción crítica	Références culturelles	シングル	Начальная биография
أوروبا	Mixed martial arts record	Videojuegos	Définitions	利用情報	Путь к финалу
أدوارها في الدبلجة اليابانية	Lyrics	Capital	Résultats en championnat du monde de Formule 1	学部	Известные представители
التأثير	Competition record	Infancia	Langue	主な受賞歴	Избранные работы
اسمه ونسبه	Quotes	Otros	Œuvres dans les collections publiques	公開	Химический состав
المرافق	Musical career	Descripción lingüística	Activité	放送内容	География и климат
اغتياله	Maps	Variedades	Mission	西暦・干支との対照表	Гидрология
السلامة	Accidents and incidents	Jugadores participantes del cuadro de individuales	Caractéristiques organoleptiques	宗教	Интересный факт
الاستعمال	Episode list	Nombres	Biographie fictive	所属学会	Назначение
القرعة	Track list	Videografía	Lieux	参考書籍	Программы
ربع النهائي	Asia	Comentario	Santé	主要作品	Мужчины
حياتها المبكرة	Lineage	Primeros años de vida	Jeux vidéo	呼称	Правление
الهيكل التنظيمي	Competitive highlights	Recepción de la crítica	Société	音楽性	1/4 финала
الدول المشاركة	Main sights	Temporada regular	Rôles	引退後	Номинации
الجوائز والتكريم	Preparation	Títulos por club	Controverse	ドラフト	Экранизация
الأقسام	Z	Rivalidades	Conservation	伝記	Планетная система
حياته العلمية	Acting career	Anatomía	Audiences	現地情報	Ход событий
الحياة السياسية	Ships	Nota	Vie	クラブ経歴	Адрес
الطريقة	United Kingdom	Grupos	Première Guerre mondiale	共著	Лауреаты
موقعها	Influences	Apariencia	Classements et certifications	製法	Крым
اقتصاد	Sequel	Actividad profesional	Romans	主要幹部	Организации
مسيرتها	Semi-finals	Logros	Style musical	作品解説	Предварительный этап
محتوى الكتاب	Fate	Directores	Structure du terrain	所属チーム	В кино
تحذيرات	Train services	Creación	Fonctionnalités	キャンパス	Постановки
النشأة والمسيرة	Flora and fauna	Edificio	Détails historiques	特記事項	Участие в операциях и битвах
الطوائف المسيحية	Australia	Otros usos	Influences	主な活動	Руководители
الكبار	Reproduction	Parroquias	Projets	声の出演	Историческая справка
الإقتصاد	Amateur career	Síntomas	Liste des députés	歌詞	Творческая деятельность
الصناعة	Qualifying	Traducciones	Principaux affluents	シード選手	Научные интересы
الأهمية	Ward results	DVD	Traductions	他機種版	1/8 финала
ملخص الرواية	Funding	Ideología	Épidémiologie	詳細	Отзывы и критика
قراءات إضافية	Stations	Reconocimiento	Résumé de la saison	出場チーム	Подвиг
التداخلات الدوائية	Q	Importancia	Scénario	関連図書	Театр
حياته الأسرية	Publication	Especificaciones técnicas	Patrimoine ferroviaire	各国メダル数	Жизнь
أفلام	Behavior	Cabeza de serie	Entraîneurs successifs	別名	Стадион
خصائصه	Fictional characters	Ubicación geográfica	Z	合成	Май
طالع كذلك	Tour dates	Localidades adyacentes	Terminologie	出典・参考文献	Вне комиксов
تاريخ الإصدار	Preliminary round	Celebraciones	Communications	リリース	Игры
حياته الفنية	Africa	Filmografía parcial	[[Armoiries]]	ミュージック・ビデオ	Гибель
قصة اللعبة	Terminology	Sinonimia	Compagnies aériennes et destinations	ドラマCD	Награды и наименования
البلديات	Twin towns	Historia natural	Vie locale	利用可能な鉄道路線	Педагогическая деятельность
أهم أعماله	Box office	Carrera artística	Menaces	事件の概要	Премии и номинации
الدور الأول	Theatre	Datos básicos	Mode de scrutin	反響	Февраль
الأندية المشاركة	About	Resultados en Grandes Vueltas y Campeonatos del Mundo	Équipement	Sibley分類体系上の位置	Некоторые научные работы
استخداماته	Neighbouring gminas	Mitología	Clubs participants	主要諸元	Предки
الرؤية	Participants	Videoclip	Carrière militaire	連載	Август
الأبحاث	Epidemiology	Significado	Chansons	最終結果	Социальная инфраструктура
العضوية	Draft picks	Reseña histórica	Statut	運賃	Октябрь
البطولات التي شارك فيها	Productions	Política y gobierno	Association de plats conseillée	利用案内	Январь
الفرق المتأهلة	Calendar	Repertorio	Matériel roulant	コース	Оценки и мнения
أخرى	Military	Fechas	Pseudonyme	出身著名人	Маршрутная сеть
اللاعبون	Election result	Pensamiento	Présidents	放送日時	Средства массовой информации
القادة	Medal of Honor citation	Video	Seconde Guerre mondiale	ネット局と放送時間	Сентябрь
نبذة قصيرة	Behaviour	Posicionamiento en listas y certificaciones	Films	楽曲提供	Отчёт о матче
مواضيع مرتبطة	Student life	Premios y honores	Musées	バス	Актёры
أساتذته	Coaches	Personajes principales	Réactions	戦後	Иллюстрации
الطريق إلى النهائي	Fauna	[[Sinonimia (biología)|Sinonimia]]	Reconnaissance	発見	Принцип действия
المنشورات	References and notes	Récords	Usages	関連記事	Парный разряд
قائمة الحلقات	Knockout stage	Ventajas	Édifices et lieux d'intérêt	主な卒業生	Июнь
مصنفاته	Artists	Audiencias	Photos	事績	Июль
فكرة البرنامج	Campaign	Participación	Territoire communautaire	消防署	Март
أهم المدن	Prelude	Primera ronda	Analyse de l'œuvre	駅跡	Принцип работы
أعماله الفنية	Racing record	Mecanismo de acción	Meilleurs buteurs	関係者	1/2 финала
الأعراض الجانبية	Storylines	División política	Images	政策・主張	Дипломатический ранг
السبب	Military service	Reseña	Description géographique et démographique	利用可能な鉄道路線／列車	Ноябрь
نشأته ودراسته	Present day	Seguridad	Tournage	西暦との対照表	Переводы на русский язык
اللغات	DVD release	Otras lecturas	Historique de sortie	姓	Вклад в науку
التقسيمات الادارية	Radio	Otras actividades	Nominations	管轄	
حكمه	Models	Modo de juego	Principales naissances	グループ会社	
المحتويات	Taxonomy and naming	Secuela	Carrière sportive	個人タイトル	
كتاباته	Table	Proyectos	Décoration	賞歴	
طلبه للعلم	Aircraft	Filmografía seleccionada	Liste des familles	出版	
الوظائف	Farm system	Comandantes	Anime	雑誌	
معلومات	Professional boxing record	Representaciones destacadas	Affectations	サウンドトラック	
إنظر أيضاً	Result	Emisión internacional	Distinctions personnelles	営業所	
الأنشطة	Variations	Historial de lanzamiento	L'histoire	近縁種	
أعماله في الأنمي	Business career	Titulares	Engagements	思想	
العمل السياسي	Diet	Actividad política	Matchs	人口・世帯	
التغذية	World War I	Organización territorial	Entraîneurs	出場国	
رتب	Squad statistics	Partidos	Vignoble	現行路線	
الأهمية السريرية	Final round	Selección	Membres du groupe	テーマソング	
مصادر أخرى	Extracurricular activities	Terminología	Drapeau	言語	
الافتتاح	Performances	Fiestas locales	Thème	所属団体・議員連盟	
اقرأ كذلك	Affiliations	Líneas y conexiones	Navires coulés	注釈・出典	
خطوط وشركات الطيران	Festivals	Datos generales	Tour préliminaire	映像ソフト化	
الجوائز والأوسمة	Accreditation	Premios y Nominaciones	Sélection	スポンサー	
ردود الأفعال	Background and education	Iconografía	Sélections	自然	
فرق مثلها	Performance	Tecnología	Faune et flore	レース戦績	
الأبطال	Ownership	El edificio	Infrastructure	反応	
الحياة	Environment	Apellido	Sciences et techniques	世界観	
الوفرة الطبيعية	Entertainment	Equipamiento	Club	ラインナップ	
أبناؤه	Preservation	Continuidad	Écriture	医療機関の指定等	
تاريخيا	Later life and death	Álbumes	Fabrication	世界遺産	
طالع ايضاً	Shooting	Servicios públicos	Transferts	委員会	
الحكم	Contestants	Playoffs	Apparitions	歴代艦長	
الأوسمة	Aircraft on display	Semblanza biográfica	Emploi	関連企業	
الكتب	Chemistry	Biografía y obra	X	事故	
نشأته وحياته	Image gallery	Cine y televisión	Style de jeu	テレビ番組	
أرقام	Versions	Carrera internacional	Dans la fiction	役員	
الميزات	Notable members	Características técnicas	Synonyme	通過する地域一覧	
تفاصيل المباراة	Physical characteristics	Artistas	Sites et patrimoine	車体	
اكتشافه	Judgment	Modelos	Langues	最寄駅	
ألقابها	Investigation	[[Etimología]]	Charts	車名の由来	
مضادات الاستطباب	Availability	Cuartos de final	Recherche	家系	
مشواره الفني	Sister cities	Estilo musical	L'album	略伝	
اعتقاله	Legend	Fase Final	Sortie	登録基準	
الفائز	Science and technology	Amenazas	Certifications	楽曲構成	
الضحايا	National team	Gobierno municipal	Devise	名所	
الترشيحات والجوائز	Production notes	Miscelánea	Synthèse	演奏時間	
الجوائز والتكريمات	Activism	Puntos de interés	Prélude	反響・評価	
الزواج	Administrative and municipal status	Denominación	Nidification	主なスタッフ	
أفريقيا	Quarter-finals	Participaciones en Copas del Mundo	Paroles	卒業生	
الأعلام	Recipients	Elaboración	Hydrographie	選手	
نشاطه السياسي	Broadcast			注記	
إحصائيات مشاركاته	Musical style			クラブ歴	
الاستخدام الطبي	Concept			区域	
الرسالة	Phonology			伽藍	
الحياة الخاصة	Life cycle			役職	
نسبها	Personalities			隣の停留場	
انجازاته	Building			シリーズ	
عملها	Film and television			名所・旧跡	
العملية	Semifinals			文化・観光	
نشاطاته	Top scorers			映像作品	
الشخصيات الرئيسية	Appearance			安全性	
إنظر أيضا	Previous season			サービスエリア	
المنتخبات المشاركة	Main characters			部隊編成	
الإستقبال	Heritage listing			ユニフォーム	
الهدافين	Arts and literature			子孫	
طالع	Videography			4大大会シングルス成績	
المجتمع والثقافة	Private life			社会	
الأصوات العربية	Setting			司会	
عدد السكان	Coaching staff			受賞とノミネート	
البث	Participating nations			カヴァー	
الأماكن	In fiction			アイテム	
الاستقبال النقدي	Selected discography			主なテナント	
ترتيب الهدافين	Other media			参加チーム	
الأهداف الدولية	Marriage and issue			放送	
ب	Background and release			OVA	
تاريخياً	Rules			建築	
شيوخه وتلاميذه	Family life			制作	
الحرائك الدوائية	Style of play			投球スタイル	
جغرافيتها	20th century			種	
الجغرافية	Formats and track listings			訳書	
إسلامه	Additional images			入場テーマ曲	
مكانته العلمية	Junction list			同時上映	
آسيا	Closure			賞	
التأثيرات الجانبية	Digital television			関連施設	
الرياضات	Morphology			名称の由来	
الحياة المبكرة والتعليم	Casualties			トリビア	
أنواعها	Cycling			主な番組	
زواجها	Managers			メダル	
الطاقم	Context			サービス	
أقوال العلماء فيه	Units using this aircraft/Operators (choose)			晩年	
نبذة عنه	Geographic range			大字	
طريقة العمل	Criticisms			プロモーション	
تكوينه	Seasons			診断	
الدور الثاني	Industry			疫学	
الأجناس	Novels			参照項目	
الأدوار	Arts and entertainment			事件	
المقدمة	Chart history			作用機序	
فردي رجال	Personal life and death			男子	
القرية اليوم	Legal career			登山	
وُصلات خارجيّة	Miscellaneous			活動内容	
الإعلام	Plot introduction			選手としての特徴・人物	
زواجه	Wildlife			所属タレント	
من أنواعه [[نبات واطن|الواطنة]] في [[الوطن العربي]]	Cause			漫画版	
ألقابه	Translations			制服	
أقسام الكلية	Names			郡区	
المَراجع	Postseason			現況	
الشعار	Safety			系統	
ثقافة	Other appearances			ゆかりの人物	
تشكيلة الفريق الحالية	Other sources			キャスター	
اقتباسات	Release and promotion			亜種	
قائمة الأفلام	Rolling stock			師匠	
حياتها الخاصة	Top goalscorers			実績	
لمحة عامة	Functions			主要大会成績	
ألبوماته	Issue			保有機材	
التشريح	Compositions			建築概要	
المشاركة الأولمبية	Current status			周辺の施設	
الهدف	Routes			歴代藩主	
ديموغرافيا	Match			下位分類	
ثناء العلماء عليه	Singles main draw entrants			放映リスト	
التقييم	Objectives			符号位置	
مؤهلاته العلمية	Incidents			主な参加作品	
الاستعمال الطبي	Match details			曲の構成	
قائمة المراجع	Art			不具合	
طالع ايضا	Community			初代	
انظر	Football			得点ランキング	
التفاعلات	Video games			主な放送チャンネル	
الشكل	Other work			受賞者	
النشاط الاقتصادي	Connections			人口動静	
الملعب	Reaction			通過市町村	
التوأمة	Definitions			人物・逸話	
المعالجة	Reign			提供番組	
روايته للحديث	Geography and climate			主張	
م	Health			脚注・参考文献	
الأداء التجاري	Mechanism			艦形	
الولايات المتحدة	Synonyms			女子	
الهامش	Poetry			曲目	
في السياسة	21st century			元メンバー	
حواش	Nomenclature			原理	
ملخص الفيلم	Marketing			境内社	
جوائزه	Mixed martial arts career			インターチェンジなど	
تاريخ النادي	Final standing			歴史・概要	
الوضع الحالي	Church			主な出演番組	
قبائل	Philosophy			人間との関わり	
معالم المدينة	Surname			郡政府	
الحدود	Boxing			パーソナリティー	
وصلات	Notable former pupils			初期の経歴	
من أنواعه الأخرى	General election			順位表	
أغاني الفيلم	Assessment			商品	
التشكيلات	Presidents			伝承	
طاقم الممثلين	Preseason			神話	
س	Languages			選手団	
وصلات أخرى	Toponymy			作曲の経緯	
المزايا	Season to season			主な舞台	
أعماله الأدبية	Tributaries			昇段履歴	
الموطن	Advantages			映像ソフト	
رؤساء الشركة	Issues			主な事業	
ألبومات	Studio albums			ステージ	
الحرب العالمية الثانية	Synthesis			改名	
المؤلف	College			交通手段	
النظام	Game summary			設計と開発	
وصلات خارجيه	Archaeology			日本公演	
الفيزيولوجيا المرضية	Meteorological history			履歴	
ترتيب الفرق	Marriage and family			ゲームモード	
شركات الطيران	Training			代表	
الحكومة	Team appearances			主な受賞	
ن	Managerial statistics			おもなフィルモグラフィ	
استخدامات أخرى	Divisions			音楽作品	
أ	Covers			アシスタント	
منشآت	Heraldry			主な監督作品	
أولاده	Economy and infrastructure			テナント	
توقعات سير المرض	Design and construction			特別番組	
الأدب	Political life			デザイン	
دراستها	Film career			略史	
في القرآن الكريم	Results in major championships			主要装備	
المرحلة النهائية	Photo gallery			前史	
أعلام	Background and recording			決勝戦の結果	
الشخصية	Report			編著	
موقعه	Musicians			主著	
كأس العالم	Participating teams			歴代優勝クラブ	
من أنواعه	Churches			伝説	
مسيرته الفنية	X			グループ企業	
التمويل	Municipalities			方言	
الآلية	Views			効能・効果	
لمزيد من القراءة	Film adaptation			リリース履歴	
سيرة حياته	Artwork			機構	
معرض	Flora			続編	
المناورات المنفذة	People with the surname			決勝トーナメント	
الجدول الزمني	Awards and achievements			エンディングテーマ	
تشكيلة الحكومة	Second World War			技術	
ملاحظة	Naval career			弟子	
تاريخ الجامعة	Past winners			メダル獲得者	
تأسيسها	Ancestors			会場	
الأبناء	Teaching			主要機器	
إحصائيات الموسم	Subdivisions			航路	
نبذه	Present			歴代優勝馬	
سجل الأبطال	Decorations			リリース日一覧	
فردي سيدات	Early and personal life			裁判	
المساجد	Civil War			参考文献・脚注	
قائمة	Author			代表作品	
طريقة التحضير	Process			地名の由来	
الفروع	Given name			形式	
الولادة والنشأة	Electoral record			作り方	
ف	Effects			遺産	
سكانها	Broadcasting			録音	
ج	Team			シリーズ一覧	
طفولته	Men			流路	
ملامح الصوت	Writing career			編制	
المرجع	Conservation status			地勢	
الإنشاء	Name and history			シングル収録トラック	
الديانة	Information			教区	
مسيرته التدريبية	Competition			初演	
الموقع والسكان	Tours			監督成績	
الرؤساء	Collaborations			レコーディング参加	
الاقتباس	Courses			業務内容	
ظهور الصوت	Creation			位置	
المناصب التي تقلدها	Software			著名な関係者	
جوائز وتكريمات	Medical uses			種目別選手・スタッフ名簿及び成績	
العيوب	Passenger statistics			同期	
المخاطر	Japan			歴史・沿革	
للإستزادة	Collection			代表曲	
ت	Sponsorship			艦長	
المناصب التي شغلها	Campuses			文法	
النتائج الكاملة	Historical background			映像化作品	
شروط الحصول على التأشيرة	Arts and culture			所属	
ر	Company history			あ行	
المشاركون	Electoral system			摂末社	
أبنائه	Main cast			か行	
حياتها الفنية	General information			最終成績	
الكيمياء	Components			2代目	
مظهره	Background and composition			は行	
المعدات	Memorials			製造	
أهدافها	Response			さ行	
تعديلات	Major works			年間行事	
مصطلحات	Collected editions			欧州の成績	
د	Championships			運営	
المنشأ	Weightlifting			宝塚歌劇団時代の主な舞台	
المشغلون	Implementation			た行	
الفوائد	Society and culture			関係会社	
بداية حياتها	1990s			地形	
الرسوم البيانية	Phylogeny			ま行	
مجلس الإدارة	2000s			被害	
العمليات	Goalscorers			審査員	
موته	Prognosis			主な出演者	
نشاط الشركة	Foundation			歴代会長	
مسيرته مع الأندية	Notable events			系列校	
المشغلين	Evolution			シリーズ作品	
أعماله في ألعاب الفيديو	List of works			参考文献・出典	
موانع الاستعمال	High school			発言	
نبذة عن حياته	Science			拠点	
عنه	Judo			な行	
آلية التأثير	Range			軍事	
جدول الدوري	Competition format			主な機能	
المسرح	NBA career statistics			テレビ放送	
الشباب	Wrestling			歴代	
الانجازات	Federal judicial service			運行会社	
أعمالها الفنية	France			F1における全成績	
الأسلوب	Sailing			その他の活動	
ل	Application			ビブリオグラフィ	
المسلسلات	Competitors			プレイスタイル	
الأندية	Scope			リリース作品	
حياته ومشواره المهني	19th century			就航都市	
الوزراء	North America			検査	
عائلتها	The battle			選手経歴	
الوبائيات	Prevention			開発経緯	
بطولات وإنجازات اللاعب	Education and early career			優勝国	
المسببات	Notable former players			加盟団体	
النشاط	Plot synopsis			大会の流れ	
بدايات حياته	Media coverage			死後	
أصل الاسم	Exit list			概要・歴史	
النشاط السياسي	Settlements			名前	
الاعراض	Marriage and children			変遷	
مسيرته المهنية	Main draw			ドロー表	
الموسيقى التصويرية	Theater			大会経過	
المعالم الأساسية	Design and description			使用例	
ك	India			所属選手	
وظائفه	Women			交通量	
المهمة	Partnerships			開発の経緯	
التشكيلة الحالية	Political districts				
حياته العائلية	Awards and recognitions				
الغرض	Current use				
استشهاده	Casting				
إقرأ أيضاً	Accomplishments				
الفئات	Club career statistics				
عائلاتها	Performance history				
قائمة الهدافين	International goals				
المجتمع	Interior				
الميلاد والنشأة	Works cited				
مبدأ العمل	Recent history				
نقد	Politicians				
التمثيل	At Eurovision				
ش	Companies				
التخزين	List of representatives				
ردود الفعل الدولية	Pharmacology				
المصطلح	Founding				
إحصاءات	Orbit and classification				
المسيرة الكروية	Children				
تاريخ المرض	School districts				
برامج القناة	Famous people				
الزمرة الدوائية	Stud record				
الطرازات	Mythology				
النشاطات	DVD releases				
في المصارعة	Alpine skiing				
مسجلي الأهداف	Germany				
الظهور	Traditions				
الطرق	Debuts				
الجوائز والإنجازات	Pathophysiology				
للاستزادة	Agriculture				
مشوارها المهني	Topography				
سيرته المهنية	1980s				
تفاصيل	Government and politics				
المدن	Admissions				
حياته العسكرية	Club				
ع	In literature				
المكان	Other works				
المبدأ	Season statistics				
إقراء أيضا	Rugby career				
الدول الأعضاء	Note				
الحكام	Title				
التأريخ	Fiction				
المملكة المتحدة	Extended plays				
المحاكمة	Satellite craters				
المعرض	Democratic primary				
أسر	Resources				
أهم الأحداث التي استضافها	New Zealand				
مدن شقيقة	Quarterfinals				
التسليح	Healthcare				
المباراة النهائية	Qualified teams				
السنوات الأولى	Commanding officers				
أحداث الفيلم	Units				
اسمه	Profile				
الأمثلة	Character				
الخبرات العملية	Prizes				
السياق	Head coaches				
الخصائص الفيزيائية	Varieties				
التجارة	Rowing				
التدرج الوظيفي	Professional life				
المتغيرات	Consequences				
تعليم	Mechanism of action				
في السنة النبوية	See Also				
اصل التسمية	Subsidiaries				
شجرة العائلة	Current roster				
محتويات الكتاب	Benefits				
شخصيات بارزة	Video				
أبحاثه	Importance				
التصنيع	International play				
اعمالها	Career highlights				
المساهمين	Ideology				
نشاطه	Expansion				
ح	Third round				
الأمراض	Notable works				
الرعاية الصحية	Group A				
مكانته	Beginnings				
خ	Venue				
الجوائز التي حصل عليها	Genetics				
المناصب التي تولاها	References and sources				
الحرم الجامعي	Coaching				
الثقافة الشعبية	Restoration				
الحماية	First World War				
الجيولوجيا	2012				
تعريفات	Towns and villages				
التخليق	Literary career				
أهميتها	Literary works				
وسائل الإعلام	Championship standings after the race				
خريجون بارزون	Republican primary				
غ	Users				
الهيكل	Basketball				
التدريب	Occurrence				
أرقام قياسية	Career achievements				
النظرية	Culture and sightseeing				
الخسائر	Tourist attractions				
المعارض	Final league table				
الاحتياطات	Teams and drivers				
مواصفات	Group B				
العضويات	Chronology				
المنتخبات المتأهلة	Members of Legislative Assembly				
المنافسات	2011				
ز	Parks and recreation				
الكتاب	Exhibits				
التأثيرات	Pre-season				
المسيرة العسكرية	Ladder				
قائمة الميداليات	International broadcast				
المركبات	Decline				
المشاريع	Sequels				
شخصيات المسلسل	Methods				
الأحياء	Parliamentary career				
و	Symptoms				
الإنتاج الشعري	Order of battle				
أسلوب اللعب	Music and lyrics				
المظهر	Limitations				
التراث	Barangays				
أبرز الفرق	Construction and career				
التسويق	Local government				
طريقة عمله	Faculty				
معاركه	Establishment				
فلسفته	2010				
قائمة الحكام	Trial				
إصداراته	Theory				
التقنية	Production history				
أبطال المسلسل	Ordinaries				
من شعره	Religious sites				
التشغيل	Veneration				
اقرأ ايضاً	Genealogical resources				
الوفرة الطبيعية والتحضير	Houses				
الشركات التابعة	Death and burial				
الولادة	Arts				
التأثير على صحة الجسم	Event				
أهم مؤلفاته	Gymnastics				
أعضاء الفرقة	Fencing				
الأوسمة والجوائز	Family tree				
ص	Memberships				
موجز	General				
قيل عنه	Videos				
فوائده	2013				
إقرأ أيضا	Television shows				
فصول الكتاب	Race				
بدايتها	Temples				
التصوير الحديث	Library				
استخداماتها	Ethnic groups				
الترجمة	Professional				
الحكومة والسياسة	Traction				
الاعتقال	Districts				
مراجع وروابط خارجية	Political positions				
علاقاته	Interpretation				
رياضة	Goals				
ألبوماتها	Rivalries				
توأمة	Grammar				
الاستخدام الصيدلاني	Youth				
اعتزاله	Instrumentation				
أحداث وحوادث	Childhood				
شهرته	2009				
فكره	Fixtures				
الذرية	2014				
المسيرة الرياضية مع الأندية	Side effects				
عوامل الخطر	Students				
اللعب	Setlist				
ق	Guest appearances				
الخلاصة	Commemoration				
أعمال أخرى	Post-war				
أستراليا	Samples				
سيرتها الذاتية	1970s				
إشارات مرجعية	Procedure				
البحوث	Toxicity				
السيرة الشخصية	Hosts				
الدرجات العلمية	Articles				
الحادث	Selected species				
المساحة والسكان	Role				
تسميتها	Contributions				
التسلسل الزمني	Disadvantages				
حوادث	Performers				
البحث	Opinion of the Court				
الحوادث	In the media				
فترة حكمه	Branches				
المواسم	Museum				
الاستعمالات الطبية	Song information				
قائمة الوزراء	Administrative division				
المسيرة	General classification				
فيديو كليبات	Individual awards				
كلمات الأغنية	Habitat and distribution				
المناطق	2015				
الأعمال الفنية	Patents				
المؤسسون	Set list				
الأسماء التجارية	Technical details				
الطقس	Book				
الجوائز و الترشيحات	Award winners				
أدواره في الرسوم المتحركة	2008				
التعليم الجامعي	Notable faculty				
معلومات أخرى	Playing style				
الحرب	Namesake				
التلفزيون	Popularity				
نظام البطولة	Organ				
قائمة أعمالها	Review				
المواقع الأثرية	Oceania				
المصادر الخارجية	Film and TV				
تعميمات	Championship standings				
الدور النصف نهائي	Government and infrastructure				
في الأدب	Computing				
مميزاته	Mathematics				
شخصيات الرواية	Technique				
الأقوال في معناه	Postwar				
الإكتشاف	Plays				
الصيغة الكيميائية	Political views				
الانتاج	Faculties				
السينما	Taxonomy and systematics				
السيرة الفنية	Additional reading				
المدارس	Accident				
الحيوانات	Threats				
منشوراته	Regulation				
النشاط السكاني	Motorsports career results				
السياق التاريخي	Cross-country skiing				
المعايير	2010s				
التوزيع الجغرافي	Professional wins				
حياتها ومشوارها المهني	Preparations				
ما بعد المعركة	Musical numbers				
جوائزها	Decision				
المؤسسات	Sales				
وصفها	2016				
المجموعة الثانية	Judges				
الجدل	Medallists				
فيما بعد	National team statistics				
مسلسلات	In media				
الأدوار النهائية	Historical population				
سيرة اللاعب	Personality				
موطنه	Journalism				
الألقاب والإنجازات	Voice cast				
الجوائز والتقدير	Stages				
مرجع	Mission statement				
أهميته	Sponsors				
علامات وأعراض	Former members				
إصدارات	Prize money				
العلاقات الدولية	Systematics				
التكريمات	Notable person				
من أفلامه	Brands				
تاريخ النشر	Cricket career				
نتائج المعركة	Preservation status				
أقواله	Presenters				
مشاركاته	Final ranking				
الاستطباب	Medals				
الفكرة	Remixes				
